{
  "$schema": "https://raw.githubusercontent.com/spdx/spdx-spec/v2.2.1/schemas/spdx-schema.json",
  "spdxVersion": "SPDX-2.2",
  "dataLicense": "CC0-1.0",
  "SPDXID": "SPDXRef-DOCUMENT",
  "documentNamespace": "https://spdx.org/spdxdocs/mpi-x64-windows-1#4-5c5851ec-956e-4c36-89f7-01bc5515a389",
  "name": "mpi:x64-windows@1#4 b801ff67c770cf9b4bd8ce81e9a037919015a7ad167923b3d93a52c34934b8fd",
  "creationInfo": {
    "creators": [
      "Tool: vcpkg-ac02a9f660977426b8ec6392919fbb1d51b10998"
    ],
    "created": "2023-09-18T23:54:37Z"
  },
  "relationships": [
    {
      "spdxElementId": "SPDXRef-port",
      "relationshipType": "GENERATES",
      "relatedSpdxElement": "SPDXRef-binary"
    },
    {
      "spdxElementId": "SPDXRef-port",
      "relationshipType": "CONTAINS",
      "relatedSpdxElement": "SPDXRef-file-0"
    },
    {
      "spdxElementId": "SPDXRef-port",
      "relationshipType": "CONTAINS",
      "relatedSpdxElement": "SPDXRef-file-1"
    },
    {
      "spdxElementId": "SPDXRef-binary",
      "relationshipType": "GENERATED_FROM",
      "relatedSpdxElement": "SPDXRef-port"
    },
    {
      "spdxElementId": "SPDXRef-file-0",
      "relationshipType": "CONTAINED_BY",
      "relatedSpdxElement": "SPDXRef-port"
    },
    {
      "spdxElementId": "SPDXRef-file-1",
      "relationshipType": "CONTAINED_BY",
      "relatedSpdxElement": "SPDXRef-port"
    }
  ],
  "packages": [
    {
      "name": "mpi",
      "SPDXID": "SPDXRef-port",
      "versionInfo": "1#4",
      "downloadLocation": "git+https://github.com/Microsoft/vcpkg#ports/mpi",
      "licenseConcluded": "NOASSERTION",
      "licenseDeclared": "NOASSERTION",
      "copyrightText": "NOASSERTION",
      "description": "Message Passing Interface (MPI) is a standardized and portable message-passing standard designed by a group of researchers from academia and industry to function on a wide variety of parallel computing architectures. The standard defines the syntax and semantics of a core of library routines useful to a wide range of users writing portable message-passing programs in C, C++, and Fortran. There are several well-tested and efficient implementations of MPI, many of which are open-source or in the public domain.",
      "comment": "This is the port (recipe) consumed by vcpkg."
    },
    {
      "name": "mpi:x64-windows",
      "SPDXID": "SPDXRef-binary",
      "versionInfo": "b801ff67c770cf9b4bd8ce81e9a037919015a7ad167923b3d93a52c34934b8fd",
      "downloadLocation": "NONE",
      "licenseConcluded": "NOASSERTION",
      "licenseDeclared": "NOASSERTION",
      "copyrightText": "NOASSERTION",
      "comment": "This is a binary package built by vcpkg."
    }
  ],
  "files": [
    {
      "fileName": "./C:/Users/drago/Downloads/vcpkg/ports/mpi/portfile.cmake",
      "SPDXID": "SPDXRef-file-0",
      "checksums": [
        {
          "algorithm": "SHA256",
          "checksumValue": "ffa02da4d461619d425f3ff1d114c4c5f31ac78725dfb8541a05bb7a613e08f7"
        }
      ],
      "licenseConcluded": "NOASSERTION",
      "copyrightText": "NOASSERTION"
    },
    {
      "fileName": "./C:/Users/drago/Downloads/vcpkg/ports/mpi/vcpkg.json",
      "SPDXID": "SPDXRef-file-1",
      "checksums": [
        {
          "algorithm": "SHA256",
          "checksumValue": "c11cec7470df1873b5800cedcf09fef79872bafffd1e9d5989c72d53f9b13aa8"
        }
      ],
      "licenseConcluded": "NOASSERTION",
      "copyrightText": "NOASSERTION"
    }
  ]
}
