{
  "$schema": "https://raw.githubusercontent.com/spdx/spdx-spec/v2.2.1/schemas/spdx-schema.json",
  "spdxVersion": "SPDX-2.2",
  "dataLicense": "CC0-1.0",
  "SPDXID": "SPDXRef-DOCUMENT",
  "documentNamespace": "https://spdx.org/spdxdocs/msmpi-x64-windows-10.1.12498#4-1881b98f-526b-4803-aae6-3bcd71213b4b",
  "name": "msmpi:x64-windows@10.1.12498#4 f19ffdf86fbf9bfa954a71721ff043f1d5041261f64934482feabeef2a41217b",
  "creationInfo": {
    "creators": [
      "Tool: vcpkg-ac02a9f660977426b8ec6392919fbb1d51b10998"
    ],
    "created": "2023-09-18T23:54:37Z"
  },
  "relationships": [
    {
      "spdxElementId": "SPDXRef-port",
      "relationshipType": "GENERATES",
      "relatedSpdxElement": "SPDXRef-binary"
    },
    {
      "spdxElementId": "SPDXRef-port",
      "relationshipType": "CONTAINS",
      "relatedSpdxElement": "SPDXRef-file-0"
    },
    {
      "spdxElementId": "SPDXRef-port",
      "relationshipType": "CONTAINS",
      "relatedSpdxElement": "SPDXRef-file-1"
    },
    {
      "spdxElementId": "SPDXRef-port",
      "relationshipType": "CONTAINS",
      "relatedSpdxElement": "SPDXRef-file-2"
    },
    {
      "spdxElementId": "SPDXRef-binary",
      "relationshipType": "GENERATED_FROM",
      "relatedSpdxElement": "SPDXRef-port"
    },
    {
      "spdxElementId": "SPDXRef-file-0",
      "relationshipType": "CONTAINED_BY",
      "relatedSpdxElement": "SPDXRef-port"
    },
    {
      "spdxElementId": "SPDXRef-file-1",
      "relationshipType": "CONTAINED_BY",
      "relatedSpdxElement": "SPDXRef-port"
    },
    {
      "spdxElementId": "SPDXRef-file-2",
      "relationshipType": "CONTAINED_BY",
      "relatedSpdxElement": "SPDXRef-port"
    }
  ],
  "packages": [
    {
      "name": "msmpi",
      "SPDXID": "SPDXRef-port",
      "versionInfo": "10.1.12498#4",
      "downloadLocation": "git+https://github.com/Microsoft/vcpkg#ports/msmpi",
      "homepage": "https://docs.microsoft.com/en-us/message-passing-interface/microsoft-mpi",
      "licenseConcluded": "MIT",
      "licenseDeclared": "NOASSERTION",
      "copyrightText": "NOASSERTION",
      "description": "Microsoft MPI (MS-MPI) is a Microsoft implementation of the Message Passing Interface standard for developing and running parallel applications on the Windows platform.",
      "comment": "This is the port (recipe) consumed by vcpkg."
    },
    {
      "name": "msmpi:x64-windows",
      "SPDXID": "SPDXRef-binary",
      "versionInfo": "f19ffdf86fbf9bfa954a71721ff043f1d5041261f64934482feabeef2a41217b",
      "downloadLocation": "NONE",
      "licenseConcluded": "MIT",
      "licenseDeclared": "NOASSERTION",
      "copyrightText": "NOASSERTION",
      "comment": "This is a binary package built by vcpkg."
    },
    {
      "SPDXID": "SPDXRef-resource-1",
      "name": "msmpisdk-${MSMPI_VERSION}-b0087dfd.msi",
      "packageFileName": "msmpisdk-${MSMPI_VERSION}-b0087dfd.msi",
      "downloadLocation": "https://download.microsoft.com/download/a/5/2/a5207ca5-1203-491a-8fb8-906fd68ae623/msmpisdk.msi",
      "licenseConcluded": "NOASSERTION",
      "licenseDeclared": "NOASSERTION",
      "copyrightText": "NOASSERTION",
      "checksums": [
        {
          "algorithm": "SHA512",
          "checksumValue": "b0087dfd21423bf87b94b17d7cb03576838585371bbf8b03cca95c3ad73670108c7bc6517b0de852ef595072cc4143be2011636e7242bcb080394d94294848a7"
        }
      ]
    }
  ],
  "files": [
    {
      "fileName": "./C:/Users/drago/Downloads/vcpkg/ports/msmpi/mpi-wrapper.cmake",
      "SPDXID": "SPDXRef-file-0",
      "checksums": [
        {
          "algorithm": "SHA256",
          "checksumValue": "b0252c29a4bfe94869e8f58318dbedc5cee080f404a2b14562d223dbda98fb5f"
        }
      ],
      "licenseConcluded": "NOASSERTION",
      "copyrightText": "NOASSERTION"
    },
    {
      "fileName": "./C:/Users/drago/Downloads/vcpkg/ports/msmpi/portfile.cmake",
      "SPDXID": "SPDXRef-file-1",
      "checksums": [
        {
          "algorithm": "SHA256",
          "checksumValue": "ac67c8463f2437b787f387425d9f6726626c44ebef5f0a8079f3727db971a031"
        }
      ],
      "licenseConcluded": "NOASSERTION",
      "copyrightText": "NOASSERTION"
    },
    {
      "fileName": "./C:/Users/drago/Downloads/vcpkg/ports/msmpi/vcpkg.json",
      "SPDXID": "SPDXRef-file-2",
      "checksums": [
        {
          "algorithm": "SHA256",
          "checksumValue": "e75c7b316fd95592d3ef28ba8f7cc4c47a2dd362d1093596ece33e489c4553de"
        }
      ],
      "licenseConcluded": "NOASSERTION",
      "copyrightText": "NOASSERTION"
    }
  ]
}
