{
  "$schema": "https://raw.githubusercontent.com/spdx/spdx-spec/v2.2.1/schemas/spdx-schema.json",
  "spdxVersion": "SPDX-2.2",
  "dataLicense": "CC0-1.0",
  "SPDXID": "SPDXRef-DOCUMENT",
  "documentNamespace": "https://spdx.org/spdxdocs/sdl1-x64-windows-1.2.15#19-d302e619-1e1f-4484-8832-93e29a867f52",
  "name": "sdl1:x64-windows@1.2.15#19 8e7f61e951d9bce668fe542b51a38f0df408e58a5d0fb26bace92106da7b1f33",
  "creationInfo": {
    "creators": [
      "Tool: vcpkg-ac02a9f660977426b8ec6392919fbb1d51b10998"
    ],
    "created": "2023-09-18T23:51:22Z"
  },
  "relationships": [
    {
      "spdxElementId": "SPDXRef-port",
      "relationshipType": "GENERATES",
      "relatedSpdxElement": "SPDXRef-binary"
    },
    {
      "spdxElementId": "SPDXRef-port",
      "relationshipType": "CONTAINS",
      "relatedSpdxElement": "SPDXRef-file-0"
    },
    {
      "spdxElementId": "SPDXRef-port",
      "relationshipType": "CONTAINS",
      "relatedSpdxElement": "SPDXRef-file-1"
    },
    {
      "spdxElementId": "SPDXRef-port",
      "relationshipType": "CONTAINS",
      "relatedSpdxElement": "SPDXRef-file-2"
    },
    {
      "spdxElementId": "SPDXRef-port",
      "relationshipType": "CONTAINS",
      "relatedSpdxElement": "SPDXRef-file-3"
    },
    {
      "spdxElementId": "SPDXRef-port",
      "relationshipType": "CONTAINS",
      "relatedSpdxElement": "SPDXRef-file-4"
    },
    {
      "spdxElementId": "SPDXRef-port",
      "relationshipType": "CONTAINS",
      "relatedSpdxElement": "SPDXRef-file-5"
    },
    {
      "spdxElementId": "SPDXRef-port",
      "relationshipType": "CONTAINS",
      "relatedSpdxElement": "SPDXRef-file-6"
    },
    {
      "spdxElementId": "SPDXRef-port",
      "relationshipType": "CONTAINS",
      "relatedSpdxElement": "SPDXRef-file-7"
    },
    {
      "spdxElementId": "SPDXRef-binary",
      "relationshipType": "GENERATED_FROM",
      "relatedSpdxElement": "SPDXRef-port"
    },
    {
      "spdxElementId": "SPDXRef-file-0",
      "relationshipType": "CONTAINED_BY",
      "relatedSpdxElement": "SPDXRef-port"
    },
    {
      "spdxElementId": "SPDXRef-file-1",
      "relationshipType": "CONTAINED_BY",
      "relatedSpdxElement": "SPDXRef-port"
    },
    {
      "spdxElementId": "SPDXRef-file-2",
      "relationshipType": "CONTAINED_BY",
      "relatedSpdxElement": "SPDXRef-port"
    },
    {
      "spdxElementId": "SPDXRef-file-3",
      "relationshipType": "CONTAINED_BY",
      "relatedSpdxElement": "SPDXRef-port"
    },
    {
      "spdxElementId": "SPDXRef-file-4",
      "relationshipType": "CONTAINED_BY",
      "relatedSpdxElement": "SPDXRef-port"
    },
    {
      "spdxElementId": "SPDXRef-file-5",
      "relationshipType": "CONTAINED_BY",
      "relatedSpdxElement": "SPDXRef-port"
    },
    {
      "spdxElementId": "SPDXRef-file-6",
      "relationshipType": "CONTAINED_BY",
      "relatedSpdxElement": "SPDXRef-port"
    },
    {
      "spdxElementId": "SPDXRef-file-7",
      "relationshipType": "CONTAINED_BY",
      "relatedSpdxElement": "SPDXRef-port"
    }
  ],
  "packages": [
    {
      "name": "sdl1",
      "SPDXID": "SPDXRef-port",
      "versionInfo": "1.2.15#19",
      "downloadLocation": "git+https://github.com/Microsoft/vcpkg#ports/sdl1",
      "homepage": "https://www.libsdl.org",
      "licenseConcluded": "LGPL-2.1-or-later",
      "licenseDeclared": "NOASSERTION",
      "copyrightText": "NOASSERTION",
      "description": "Simple DirectMedia Layer is a cross-platform development library designed to provide low level access to audio, keyboard, mouse, joystick, and graphics hardware via OpenGL and Direct3D.",
      "comment": "This is the port (recipe) consumed by vcpkg."
    },
    {
      "name": "sdl1:x64-windows",
      "SPDXID": "SPDXRef-binary",
      "versionInfo": "8e7f61e951d9bce668fe542b51a38f0df408e58a5d0fb26bace92106da7b1f33",
      "downloadLocation": "NONE",
      "licenseConcluded": "LGPL-2.1-or-later",
      "licenseDeclared": "NOASSERTION",
      "copyrightText": "NOASSERTION",
      "comment": "This is a binary package built by vcpkg."
    },
    {
      "SPDXID": "SPDXRef-resource-1",
      "name": "SDL-Mirror/SDL",
      "downloadLocation": "git+https://github.com/SDL-Mirror/SDL@release-1.2.15",
      "licenseConcluded": "NOASSERTION",
      "licenseDeclared": "NOASSERTION",
      "copyrightText": "NOASSERTION",
      "checksums": [
        {
          "algorithm": "SHA512",
          "checksumValue": "38b94a650ec205377ae1503d0ec8a5254ef6d50ed0acac8d985b57b64bc16ea042cfa41e19e5ef8317980c4afb83186829f5bc3da9433d0a649dfd10554801b5"
        }
      ]
    }
  ],
  "files": [
    {
      "fileName": "./C:/Users/drago/Downloads/vcpkg/ports/sdl1/export-symbols-only-in-shared-build.patch",
      "SPDXID": "SPDXRef-file-0",
      "checksums": [
        {
          "algorithm": "SHA256",
          "checksumValue": "5c2eefdfe1ed0afb98d3caa23f53479f476a933e5474727f5c3d88996249facd"
        }
      ],
      "licenseConcluded": "NOASSERTION",
      "copyrightText": "NOASSERTION"
    },
    {
      "fileName": "./C:/Users/drago/Downloads/vcpkg/ports/sdl1/fix-linux-build.patch",
      "SPDXID": "SPDXRef-file-1",
      "checksums": [
        {
          "algorithm": "SHA256",
          "checksumValue": "7879777abbb40714b015f7960a18654593a6b9a89b244130c4d9c71de94c1ecd"
        }
      ],
      "licenseConcluded": "NOASSERTION",
      "copyrightText": "NOASSERTION"
    },
    {
      "fileName": "./C:/Users/drago/Downloads/vcpkg/ports/sdl1/portfile.cmake",
      "SPDXID": "SPDXRef-file-2",
      "checksums": [
        {
          "algorithm": "SHA256",
          "checksumValue": "ff46491808f0ff0e8418cb3ef59f16b7a9fbf58cee253ba62ab1fc8587f57497"
        }
      ],
      "licenseConcluded": "NOASSERTION",
      "copyrightText": "NOASSERTION"
    },
    {
      "fileName": "./C:/Users/drago/Downloads/vcpkg/ports/sdl1/sdl-config.patch",
      "SPDXID": "SPDXRef-file-3",
      "checksums": [
        {
          "algorithm": "SHA256",
          "checksumValue": "046806431469390f9f2d12a2a9aee482ed0215c4e0476fb402519b88430e1f7b"
        }
      ],
      "licenseConcluded": "NOASSERTION",
      "copyrightText": "NOASSERTION"
    },
    {
      "fileName": "./C:/Users/drago/Downloads/vcpkg/ports/sdl1/SDL.vcxproj.in",
      "SPDXID": "SPDXRef-file-4",
      "checksums": [
        {
          "algorithm": "SHA256",
          "checksumValue": "342312577b59ba869f717e816020357d5b9909a7fd49ef353e33b294ef2c2987"
        }
      ],
      "licenseConcluded": "NOASSERTION",
      "copyrightText": "NOASSERTION"
    },
    {
      "fileName": "./C:/Users/drago/Downloads/vcpkg/ports/sdl1/SDL1_2017.sln.in",
      "SPDXID": "SPDXRef-file-5",
      "checksums": [
        {
          "algorithm": "SHA256",
          "checksumValue": "aec08deee885332fb6c5f2202f986919e80b587cddaf45fc0457a2eb84e35cee"
        }
      ],
      "licenseConcluded": "NOASSERTION",
      "copyrightText": "NOASSERTION"
    },
    {
      "fileName": "./C:/Users/drago/Downloads/vcpkg/ports/sdl1/SDLmain.vcxproj.in",
      "SPDXID": "SPDXRef-file-6",
      "checksums": [
        {
          "algorithm": "SHA256",
          "checksumValue": "1f3f037a36ce67a2f46640b439b4613b3e5c33a42d2bea40a1f0c435189768a0"
        }
      ],
      "licenseConcluded": "NOASSERTION",
      "copyrightText": "NOASSERTION"
    },
    {
      "fileName": "./C:/Users/drago/Downloads/vcpkg/ports/sdl1/vcpkg.json",
      "SPDXID": "SPDXRef-file-7",
      "checksums": [
        {
          "algorithm": "SHA256",
          "checksumValue": "39509febdb51f5e3a4fdef55211821dd39e92497f290fa5f46af603ee37c4d52"
        }
      ],
      "licenseConcluded": "NOASSERTION",
      "copyrightText": "NOASSERTION"
    }
  ]
}
